Vez,Quantidade,Tempo(segundos)
1,1000,0.00000
2,1000,0.00000
3,1000,0.00000
4,1000,0.00000
5,1000,0.00000
6,1000,0.00000
7,1000,0.00000
8,1000,0.00000
9,1000,0.00000
10,1000,0.00000
11,1000,0.00000
12,1000,0.00000
13,1000,0.00000
14,1000,0.00000
15,1000,0.00000
16,1000,0.00000
17,1000,0.00000
18,1000,0.00000
19,1000,0.00000
20,1000,0.00000
21,1000,0.00000
22,1000,0.00000
23,1000,0.00000
24,1000,0.00000
25,1000,0.00000
26,1000,0.00000
27,1000,0.00000
28,1000,0.00000
29,1000,0.00000
30,1000,0.00000
31,1000,0.00000
32,1000,0.00000
33,1000,0.00000
34,1000,0.00000
35,1000,0.00000
36,1000,0.00000
37,1000,0.00000
38,1000,0.00000
39,1000,0.00000
40,1000,0.00000
41,1000,0.00000
42,1000,0.00000
43,1000,0.01500
44,1000,0.00000
45,1000,0.00000
46,1000,0.00000
47,1000,0.00000
48,1000,0.00000
49,1000,0.00000
50,1000,0.00000
51,1000,0.00000
52,1000,0.00000
53,1000,0.00000
54,1000,0.00000
55,1000,0.00000
56,1000,0.00000
57,1000,0.00000
58,1000,0.00000
59,1000,0.00000
60,1000,0.00000
61,1000,0.00000
62,1000,0.00000
63,1000,0.00000
64,1000,0.00000
65,1000,0.00000
66,1000,0.00000
67,1000,0.00000
68,1000,0.00000
69,1000,0.00000
70,1000,0.00000
71,1000,0.00000
72,1000,0.00000
73,1000,0.00000
74,1000,0.00000
75,1000,0.00000
76,1000,0.00000
77,1000,0.00000
78,1000,0.00000
79,1000,0.00000
80,1000,0.00000
81,1000,0.00000
82,1000,0.00000
83,1000,0.00000
84,1000,0.00000
85,1000,0.00000
86,1000,0.00000
87,1000,0.00000
88,1000,0.00000
89,1000,0.00000
90,1000,0.00000
91,1000,0.00000
92,1000,0.00000
93,1000,0.00000
94,1000,0.00000
95,1000,0.00000
96,1000,0.00000
97,1000,0.00000
98,1000,0.00000
99,1000,0.00000
100,1000,0.00000
1,5000,0.01600
2,5000,0.00000
3,5000,0.00300
4,5000,0.00200
5,5000,0.00100
6,5000,0.00100
7,5000,0.00200
8,5000,0.00100
9,5000,0.00100
10,5000,0.00100
11,5000,0.00000
12,5000,0.00000
13,5000,0.00000
14,5000,0.00000
15,5000,0.00000
16,5000,0.00000
17,5000,0.00000
18,5000,0.00000
19,5000,0.00000
20,5000,0.00000
21,5000,0.01600
22,5000,0.00000
23,5000,0.00000
24,5000,0.00000
25,5000,0.00000
26,5000,0.00000
27,5000,0.00000
28,5000,0.00000
29,5000,0.00000
30,5000,0.00000
31,5000,0.00000
32,5000,0.00000
33,5000,0.01600
34,5000,0.00000
35,5000,0.00000
36,5000,0.00000
37,5000,0.00000
38,5000,0.00000
39,5000,0.00000
40,5000,0.00000
41,5000,0.00000
42,5000,0.00000
43,5000,0.00000
44,5000,0.01500
45,5000,0.00000
46,5000,0.00300
47,5000,0.00200
48,5000,0.00100
49,5000,0.00100
50,5000,0.00000
51,5000,0.00000
52,5000,0.00400
53,5000,0.00000
54,5000,0.00000
55,5000,0.00400
56,5000,0.00200
57,5000,0.00000
58,5000,0.00200
59,5000,0.00000
60,5000,0.00000
61,5000,0.00400
62,5000,0.00000
63,5000,0.00000
64,5000,0.00400
65,5000,0.00000
66,5000,0.00000
67,5000,0.00500
68,5000,0.00000
69,5000,0.00000
70,5000,0.00400
71,5000,0.00000
72,5000,0.00000
73,5000,0.00400
74,5000,0.00000
75,5000,0.00000
76,5000,0.00400
77,5000,0.00000
78,5000,0.00000
79,5000,0.00400
80,5000,0.00000
81,5000,0.00000
82,5000,0.00400
83,5000,0.00000
84,5000,0.00000
85,5000,0.00000
86,5000,0.00000
87,5000,0.00000
88,5000,0.00000
89,5000,0.00400
90,5000,0.00000
91,5000,0.00000
92,5000,0.00400
93,5000,0.00000
94,5000,0.00000
95,5000,0.00400
96,5000,0.00000
97,5000,0.00000
98,5000,0.00400
99,5000,0.00000
100,5000,0.00000
1,10000,0.00400
2,10000,0.00500
3,10000,0.00000
4,10000,0.00400
5,10000,0.00400
6,10000,0.00000
7,10000,0.00400
8,10000,0.00400
9,10000,0.00000
10,10000,0.00500
11,10000,0.00400
12,10000,0.00000
13,10000,0.00400
14,10000,0.00400
15,10000,0.00000
16,10000,0.00400
17,10000,0.00400
18,10000,0.00000
19,10000,0.00500
20,10000,0.00400
21,10000,0.00000
22,10000,0.00400
23,10000,0.00400
24,10000,0.00000
25,10000,0.00400
26,10000,0.00400
27,10000,0.00000
28,10000,0.00500
29,10000,0.00400
30,10000,0.00300
31,10000,0.00200
32,10000,0.00200
33,10000,0.00300
34,10000,0.00300
35,10000,0.00300
36,10000,0.00200
37,10000,0.00200
38,10000,0.00200
39,10000,0.00100
40,10000,0.00300
41,10000,0.00400
42,10000,0.00000
43,10000,0.00400
44,10000,0.00400
45,10000,0.00000
46,10000,0.00500
47,10000,0.00400
48,10000,0.00000
49,10000,0.00400
50,10000,0.00400
51,10000,0.00000
52,10000,0.00400
53,10000,0.00400
54,10000,0.00000
55,10000,0.00500
56,10000,0.00400
57,10000,0.00000
58,10000,0.00400
59,10000,0.00400
60,10000,0.00000
61,10000,0.00400
62,10000,0.00400
63,10000,0.00000
64,10000,0.00500
65,10000,0.00400
66,10000,0.00000
67,10000,0.00400
68,10000,0.00400
69,10000,0.00000
70,10000,0.00400
71,10000,0.00400
72,10000,0.00000
73,10000,0.00500
74,10000,0.00400
75,10000,0.00000
76,10000,0.00400
77,10000,0.00400
78,10000,0.00000
79,10000,0.00400
80,10000,0.00000
81,10000,0.00000
82,10000,0.00500
83,10000,0.00000
84,10000,0.00400
85,10000,0.00400
86,10000,0.00000
87,10000,0.00400
88,10000,0.00400
89,10000,0.00000
90,10000,0.00400
91,10000,0.00500
92,10000,0.00000
93,10000,0.00400
94,10000,0.00400
95,10000,0.00000
96,10000,0.00400
97,10000,0.00400
98,10000,0.00000
99,10000,0.00400
100,10000,0.00500
1,50000,0.01300
2,50000,0.01300
3,50000,0.01600
4,50000,0.01700
5,50000,0.01700
6,50000,0.01200
7,50000,0.01700
8,50000,0.01700
9,50000,0.01200
10,50000,0.01800
11,50000,0.01400
12,50000,0.01300
13,50000,0.01700
14,50000,0.01600
15,50000,0.01300
16,50000,0.01600
17,50000,0.01700
18,50000,0.01300
19,50000,0.01600
20,50000,0.01700
21,50000,0.01300
22,50000,0.01200
23,50000,0.01700
24,50000,0.01200
25,50000,0.01300
26,50000,0.01700
27,50000,0.01200
28,50000,0.01300
29,50000,0.01600
30,50000,0.01300
31,50000,0.01300
32,50000,0.01600
33,50000,0.01300
34,50000,0.01300
35,50000,0.01600
36,50000,0.01300
37,50000,0.01600
38,50000,0.01700
39,50000,0.01300
40,50000,0.01600
41,50000,0.01700
42,50000,0.01200
43,50000,0.01700
44,50000,0.01700
45,50000,0.01200
46,50000,0.01700
47,50000,0.01700
48,50000,0.01200
49,50000,0.01700
50,50000,0.01600
51,50000,0.01300
52,50000,0.01600
53,50000,0.01700
54,50000,0.01300
55,50000,0.01600
56,50000,0.01700
57,50000,0.01300
58,50000,0.01600
59,50000,0.01700
60,50000,0.01200
61,50000,0.01700
62,50000,0.01700
63,50000,0.01200
64,50000,0.01700
65,50000,0.01200
66,50000,0.01200
67,50000,0.01700
68,50000,0.01200
69,50000,0.01700
70,50000,0.01600
71,50000,0.01400
72,50000,0.01600
73,50000,0.01600
74,50000,0.01200
75,50000,0.01600
76,50000,0.01700
77,50000,0.01600
78,50000,0.00600
79,50000,0.01600
80,50000,0.01500
81,50000,0.01600
82,50000,0.01600
83,50000,0.01500
84,50000,0.01600
85,50000,0.01600
86,50000,0.01500
87,50000,0.01600
88,50000,0.01600
89,50000,0.01500
90,50000,0.01600
91,50000,0.01600
92,50000,0.01500
93,50000,0.01600
94,50000,0.01600
95,50000,0.01500
96,50000,0.01600
97,50000,0.01600
98,50000,0.00000
99,50000,0.00000
100,50000,0.01500
1,100000,0.03200
2,100000,0.03100
3,100000,0.03200
4,100000,0.03100
5,100000,0.02700
6,100000,0.03200
7,100000,0.02800
8,100000,0.03100
9,100000,0.03200
10,100000,0.03100
11,100000,0.03200
12,100000,0.03100
13,100000,0.01600
14,100000,0.01600
15,100000,0.03100
16,100000,0.03200
17,100000,0.03100
18,100000,0.03100
19,100000,0.03200
20,100000,0.03100
21,100000,0.01600
22,100000,0.04400
23,100000,0.02100
24,100000,0.03600
25,100000,0.02100
26,100000,0.03100
27,100000,0.03200
28,100000,0.03100
29,100000,0.03100
30,100000,0.01600
31,100000,0.03100
32,100000,0.03200
33,100000,0.03100
34,100000,0.03200
35,100000,0.03100
36,100000,0.03100
37,100000,0.03200
38,100000,0.01500
39,100000,0.04400
40,100000,0.02000
41,100000,0.03100
42,100000,0.03600
43,100000,0.02500
44,100000,0.03200
45,100000,0.03100
46,100000,0.01600
47,100000,0.03100
48,100000,0.03100
49,100000,0.03200
50,100000,0.03100
51,100000,0.03100
52,100000,0.03200
53,100000,0.03100
54,100000,0.01600
55,100000,0.03100
56,100000,0.04100
57,100000,0.01700
58,100000,0.03100
59,100000,0.03100
60,100000,0.03200
61,100000,0.02800
62,100000,0.03100
63,100000,0.03100
64,100000,0.03200
65,100000,0.01500
66,100000,0.01600
67,100000,0.03100
68,100000,0.03100
69,100000,0.03200
70,100000,0.03100
71,100000,0.03100
72,100000,0.03200
73,100000,0.03000
74,100000,0.01800
75,100000,0.03100
76,100000,0.03200
77,100000,0.03100
78,100000,0.03400
79,100000,0.02600
80,100000,0.03100
81,100000,0.01600
82,100000,0.01600
83,100000,0.03100
84,100000,0.03200
85,100000,0.03100
86,100000,0.03100
87,100000,0.03200
88,100000,0.03100
89,100000,0.01600
90,100000,0.04300
91,100000,0.01600
92,100000,0.03100
93,100000,0.03200
94,100000,0.03100
95,100000,0.03100
96,100000,0.03500
97,100000,0.02700
98,100000,0.03100
99,100000,0.01600
100,100000,0.03100
1,500000,0.14100
2,500000,0.15600
3,500000,0.15400
4,500000,0.15700
5,500000,0.15300
6,500000,0.14200
7,500000,0.13800
8,500000,0.14100
9,500000,0.15600
10,500000,0.15400
11,500000,0.14100
12,500000,0.13800
13,500000,0.14100
14,500000,0.15500
15,500000,0.15700
16,500000,0.14100
17,500000,0.13800
18,500000,0.15400
19,500000,0.15600
20,500000,0.14200
21,500000,0.15200
22,500000,0.14400
23,500000,0.14100
24,500000,0.13700
25,500000,0.14400
26,500000,0.15700
27,500000,0.14100
28,500000,0.15100
29,500000,0.14100
30,500000,0.15700
31,500000,0.15100
32,500000,0.15700
33,500000,0.14100
34,500000,0.14100
35,500000,0.15900
36,500000,0.14100
37,500000,0.15700
38,500000,0.15300
39,500000,0.14100
40,500000,0.14100
41,500000,0.15200
42,500000,0.14900
43,500000,0.14100
44,500000,0.15900
45,500000,0.14700
46,500000,0.14100
47,500000,0.14100
48,500000,0.15900
49,500000,0.14700
50,500000,0.14100
51,500000,0.13600
52,500000,0.13900
53,500000,0.15700
54,500000,0.15400
55,500000,0.14100
56,500000,0.13600
57,500000,0.14100
58,500000,0.15700
59,500000,0.15300
60,500000,0.14100
61,500000,0.14300
62,500000,0.14200
63,500000,0.13800
64,500000,0.13600
65,500000,0.14100
66,500000,0.15400
67,500000,0.15600
68,500000,0.13900
69,500000,0.15700
70,500000,0.14700
71,500000,0.13800
72,500000,0.14200
73,500000,0.15200
74,500000,0.15600
75,500000,0.14100
76,500000,0.15200
77,500000,0.14800
78,500000,0.14100
79,500000,0.15700
80,500000,0.13900
81,500000,0.14300
82,500000,0.15500
83,500000,0.15300
84,500000,0.13900
85,500000,0.14100
86,500000,0.15700
87,500000,0.15100
88,500000,0.15700
89,500000,0.14100
90,500000,0.14800
91,500000,0.14200
92,500000,0.15700
93,500000,0.14100
94,500000,0.15800
95,500000,0.14100
96,500000,0.14100
97,500000,0.15700
98,500000,0.14100
99,500000,0.14100
100,500000,0.16000
1,1000000,0.29400
2,1000000,0.29400
3,1000000,0.29800
4,1000000,0.29100
5,1000000,0.29700
6,1000000,0.29500
7,1000000,0.29400
8,1000000,0.29300
9,1000000,0.29900
10,1000000,0.29500
11,1000000,0.29300
12,1000000,0.29400
13,1000000,0.31000
14,1000000,0.29900
15,1000000,0.29100
16,1000000,0.31000
17,1000000,0.29600
18,1000000,0.30400
19,1000000,0.29800
20,1000000,0.29700
21,1000000,0.30400
22,1000000,0.29400
23,1000000,0.29700
24,1000000,0.29900
25,1000000,0.29200
26,1000000,0.29800
27,1000000,0.29300
28,1000000,0.29300
29,1000000,0.29800
30,1000000,0.29400
31,1000000,0.29800
32,1000000,0.29800
33,1000000,0.29800
34,1000000,0.30900
35,1000000,0.29700
36,1000000,0.29600
37,1000000,0.29400
38,1000000,0.30000
39,1000000,0.29500
40,1000000,0.31100
41,1000000,0.28800
42,1000000,0.29500
43,1000000,0.31000
44,1000000,0.29900
45,1000000,0.29800
46,1000000,0.30700
47,1000000,0.29600
48,1000000,0.29800
49,1000000,0.31000
50,1000000,0.29500
51,1000000,0.30600
52,1000000,0.29800
53,1000000,0.29600
54,1000000,0.28900
55,1000000,0.29900
56,1000000,0.29300
57,1000000,0.29800
58,1000000,0.30500
59,1000000,0.30200
60,1000000,0.29500
61,1000000,0.28900
62,1000000,0.28300
63,1000000,0.29800
64,1000000,0.29500
65,1000000,0.29700
66,1000000,0.30300
67,1000000,0.29600
68,1000000,0.29600
69,1000000,0.29300
70,1000000,0.29500
71,1000000,0.29500
72,1000000,0.29400
73,1000000,0.29700
74,1000000,0.29700
75,1000000,0.29500
76,1000000,0.29600
77,1000000,0.29600
78,1000000,0.29800
79,1000000,0.29200
80,1000000,0.29300
81,1000000,0.29800
82,1000000,0.29200
83,1000000,0.29800
84,1000000,0.29900
85,1000000,0.29800
86,1000000,0.31100
87,1000000,0.30600
88,1000000,0.29700
89,1000000,0.29800
90,1000000,0.29500
91,1000000,0.29300
92,1000000,0.29800
93,1000000,0.29800
94,1000000,0.29000
95,1000000,0.30100
96,1000000,0.29500
97,1000000,0.29400
98,1000000,0.30000
99,1000000,0.29400
100,1000000,0.30000
